ds,yhat,yhat_lower,yhat_upper
2025-06-19,155.24204845320602,145.68769640226006,164.3579931364164
